{
    "Number of data units": {
        "0": 253,
        "1": 125
    },
    "Sectences count": "ToDO",
    "words count": {
        "0": 17716,
        "1": 4969
    },
    "unique words count": {
        "0": 3552,
        "1": 1440
    },
    "common words count": 941,
    "uncommon words count": 4051,
    "most frequence uncommon words": {
        "0": {
            "hate": 46,
            "anymore": 44,
            "since": 44,
            "depressed": 42,
            "got": 36,
            "parent": 30,
            "care": 29,
            "alone": 25,
            "night": 25,
            "symptom": 24
        },
        "1": {
            "drey": 32,
            "lt": 32,
            "whats": 11,
            "patience": 10,
            "pushing": 9,
            "ourself": 8,
            "faith": 8,
            "rushing": 6,
            "podcasts": 6,
            "journey": 6
        }
    },
    "Relative Normalize Frequency": {
        "0": {
            "could": 36.284940167080606,
            "last": 31.10137728606909,
            "home": 26.56575976518402,
            "problem": 25.917814405057577,
            "sleep": 24.6219236848047,
            "tired": 22.03014224429894,
            "family": 21.3821968841725,
            "stress": 19.60034714382479,
            "school": 17.81849740347708,
            "normal": 17.494524723413864
        },
        "1": {
            "rush": 16.976740134158028,
            "happiness": 12.861166768301537,
            "ups": 12.346720097569474,
            "sky": 10.80338008537329,
            "gratitude": 10.80338008537329,
            "power": 10.80338008537329,
            "push": 10.28893341464123,
            "rather": 10.0317100792752,
            "u": 8.951372070737868,
            "learn": 8.488370067079014
        }
    },
    "TF IDF": {
        "0": {
            "feel": 0.30893058663385975,
            "like": 0.2901363304127884,
            "wa": 0.19616504930743184,
            "know": 0.19616504930743184,
            "time": 0.17854543410017748,
            "get": 0.1667990239620079,
            "want": 0.16562438294819096,
            "life": 0.15857653686528922,
            "even": 0.15740189585147227,
            "stress": 0.1421315626718518
        },
        "1": {
            "day": 0.24361178730102181,
            "thing": 0.22457961641812949,
            "life": 0.21696674806497257,
            "love": 0.20935387971181563,
            "happiness": 0.1903217088289233,
            "time": 0.1903217088289233,
            "drey": 0.17119393348772688,
            "lt": 0.17119393348772688,
            "everything": 0.1446444987099817,
            "keep": 0.13703163035682478
        }
    }
}